project_slug,repository_url,batch_index,commits_scanned,cumulative_commits_scanned,raw_candidate_commits,raw_candidate_changes,retained_commits_before_global_dedup,retained_commits_after_global_dedup,retained_changes_before_global_dedup,retained_changes_after_global_dedup,method_level_changes,class_level_changes,commits_with_multiple_changes,duplicate_changes_removed,empty_commits_removed,format_only_rejection_count,weak_issue_detected,weak_issue_resolved,weak_issue_unresolved,java_parse_success_count,java_parse_failure_count,issue_summary_success_rate,java_parse_success_rate,yield_per_1000_scanned_commits,oldest_commit,newest_commit,scan_status,stop_reason
junit_team_junit_framework,https://github.com/junit-team/junit-framework.git,1,1000,1000,9,12,9,2,12,3,6,6,2,9,7,0,0,0,0,493,0,1.0,1.0,9.0,48b1c9373fdfa03be2fbd96c6ed59e23678151d7,3bf7fd47707865c3fb50a560adfd71f5038b4c52,partial,
junit_team_junit_framework,https://github.com/junit-team/junit-framework.git,2,1000,2000,21,30,21,2,30,3,9,21,4,27,19,0,4,0,4,1568,0,0.0,1.0,10.5,0a552398fa6a87ec1a492b4b023ab7f6367618e7,3bf7fd47707865c3fb50a560adfd71f5038b4c52,partial,
mockito_mockito,https://github.com/mockito/mockito.git,1,1000,1000,2,2,2,2,2,2,0,2,0,32,24,0,4,0,4,628,0,0.0,1.0,2.0,4a40f582397c40fbce587af3e2f1e16583228e5e,4ff92d9a63aed424e9d3d958b9fc3ce5a17948d4,partial,
google_gson,https://github.com/google/gson.git,1,1000,1000,22,45,20,20,42,42,36,6,5,32,24,0,12,0,12,654,0,0.0,1.0,20.0,6f15cd0060dfed248eae0219d35f20d89022972c,004e7a4949e08b430e3c8996998ee5a17ff9423a,partial,
mockito_mockito,https://github.com/mockito/mockito.git,2,1000,2000,11,22,11,11,22,22,11,11,3,32,24,0,9,0,9,1851,0,0.0,1.0,5.5,2ae805f1cb4fed6d9095e101d1928eb9639ce56c,4ff92d9a63aed424e9d3d958b9fc3ce5a17948d4,partial,
google_gson,https://github.com/google/gson.git,2,1000,2000,35,64,33,33,61,61,46,15,6,32,24,0,19,0,19,2088,0,0.0,1.0,16.5,82974376103243addbedd1eb034ca46e2db47046,004e7a4949e08b430e3c8996998ee5a17ff9423a,partial,
mockito_mockito,https://github.com/mockito/mockito.git,3,1000,3000,21,39,21,21,39,39,15,24,6,32,24,0,14,0,14,2476,0,0.0,1.0,7.0,690472d1250c5808ab057ed1dcd5f7778296a5fb,4ff92d9a63aed424e9d3d958b9fc3ce5a17948d4,partial,
google_gson,https://github.com/google/gson.git,3,197,2197,35,64,33,33,61,61,46,15,6,32,24,0,20,0,20,2315,0,0.0,1.0,15.0205,57d1f32de5bf3a7dd54613384cc7e979fba2660b,004e7a4949e08b430e3c8996998ee5a17ff9423a,completed,full_history_scanned
mockito_mockito,https://github.com/mockito/mockito.git,4,1000,4000,30,50,30,29,50,49,17,33,7,33,25,0,20,0,20,2867,0,0.0,1.0,7.5,8ab87f46e793fbf5d2960807993568a9e4255b7a,4ff92d9a63aed424e9d3d958b9fc3ce5a17948d4,partial,
mockito_mockito,https://github.com/mockito/mockito.git,5,1000,5000,30,50,30,29,50,49,17,33,7,33,25,0,34,0,34,2876,0,0.0,1.0,6.0,fcb244157a0c14d15f291564a6b95f6f65ce1dfd,4ff92d9a63aed424e9d3d958b9fc3ce5a17948d4,partial,
mockito_mockito,https://github.com/mockito/mockito.git,6,1000,6000,30,50,30,29,50,49,17,33,7,33,25,0,51,0,51,2876,0,0.0,1.0,5.0,feb23b07d32749c814e2cf2057c1908ec12b5ec7,4ff92d9a63aed424e9d3d958b9fc3ce5a17948d4,partial,
mockito_mockito,https://github.com/mockito/mockito.git,7,343,6343,30,50,30,29,50,49,17,33,7,33,25,0,60,0,60,2876,0,0.0,1.0,4.7296,7cf6470d88491fe472e28493b50eba8a6fbf0433,4ff92d9a63aed424e9d3d958b9fc3ce5a17948d4,completed,full_history_scanned
ben_manes_caffeine,https://github.com/ben-manes/caffeine.git,1,1000,1000,5,5,5,5,5,5,2,3,0,33,25,0,1,0,1,1108,0,0.0,1.0,5.0,6b33e55ce1b7421d3e05e9fe14e9a637c86bc132,6d3f5cd2fbc4055c64c7320601d4acfef8f104ac,partial,
junit_team_junit_framework,https://github.com/junit-team/junit-framework.git,5,1000,3690,28,37,28,2,37,3,13,24,4,35,27,0,7,0,7,2749,0,0.0,1.0,7.5881,be69de7c86bf96cbbbf181b68bd2c8a9cd53bbc9,3bf7fd47707865c3fb50a560adfd71f5038b4c52,partial,
junit_team_junit_framework,https://github.com/junit-team/junit-framework.git,5,1000,3690,28,37,28,2,37,3,13,24,4,35,27,0,7,0,7,2749,0,0.0,1.0,7.5881,be69de7c86bf96cbbbf181b68bd2c8a9cd53bbc9,3bf7fd47707865c3fb50a560adfd71f5038b4c52,stopped,low_yield
assertj_assertj,https://github.com/assertj/assertj.git,2,1000,1293,11,15,11,11,14,14,12,2,3,35,27,0,11,0,11,6296,0,0.0,1.0,8.5073,2beb124584c702730b268d9b8fd08ab91e507bcb,30f8a9d872e7aa3380df3dc9086600b553f04731,partial,
assertj_assertj,https://github.com/assertj/assertj.git,3,1000,2293,17,22,17,17,21,21,16,5,4,35,27,0,21,0,21,10191,0,0.0,1.0,7.4139,e57c9b98b02ade99e526897c68542c4439490496,30f8a9d872e7aa3380df3dc9086600b553f04731,partial,
assertj_assertj,https://github.com/assertj/assertj.git,4,1000,3293,35,61,35,35,60,60,48,12,11,35,27,0,31,0,31,12689,0,0.0,1.0,10.6286,4c63e19dbf8eb0e208e8821e4a6a0ef62bf9e4d5,30f8a9d872e7aa3380df3dc9086600b553f04731,partial,
assertj_assertj,https://github.com/assertj/assertj.git,5,1000,4293,49,81,48,48,79,79,63,16,15,35,27,0,51,0,51,15492,0,0.0,1.0,11.181,7c0c4aaea94fb2333962d5e05da2f479e11977c6,30f8a9d872e7aa3380df3dc9086600b553f04731,partial,
assertj_assertj,https://github.com/assertj/assertj.git,6,1000,5293,70,118,68,68,115,115,87,28,20,35,27,0,64,0,64,18464,0,0.0,1.0,12.8472,11193a021eefca138cb5f39fcbce2c3c0428a6ae,30f8a9d872e7aa3380df3dc9086600b553f04731,partial,
assertj_assertj,https://github.com/assertj/assertj.git,7,878,6171,88,147,86,86,144,144,107,37,26,35,27,0,80,0,80,22639,0,0.0,1.0,13.9362,c35ba305e8472a1d518976639421ef5581a0f65e,30f8a9d872e7aa3380df3dc9086600b553f04731,completed,full_history_scanned
ben_manes_caffeine,https://github.com/ben-manes/caffeine.git,3,955,2600,55,69,51,51,63,63,33,30,7,35,27,0,21,0,21,4332,0,0.0,1.0,19.6154,97b7960d4c8a5a79379c807f3b2405375abd9ebd,6d3f5cd2fbc4055c64c7320601d4acfef8f104ac,completed,full_history_scanned
reactivex_rxjava,https://github.com/ReactiveX/RxJava.git,1,1000,1000,7,23,7,7,23,23,14,9,4,35,27,0,3,0,3,4741,0,0.0,1.0,7.0,10f8c6767b036b8b70bc93a74aa7c62a47431d27,58c9ed78947a72fd832d1243e0604e166df3e9f6,partial,
reactivex_rxjava,https://github.com/ReactiveX/RxJava.git,2,1000,2000,26,62,25,25,59,59,38,21,12,35,27,0,7,0,7,12104,0,0.0,1.0,12.5,06708c5546ca36e4a4c8d9562659025874296d74,58c9ed78947a72fd832d1243e0604e166df3e9f6,partial,
reactivex_rxjava,https://github.com/ReactiveX/RxJava.git,3,1000,3000,36,81,34,33,77,73,56,21,15,39,28,0,7,0,7,13047,0,0.0,1.0,11.3333,d82e395b27933dd2f6d1588a07619bb9a07b96f8,58c9ed78947a72fd832d1243e0604e166df3e9f6,partial,
reactivex_rxjava,https://github.com/ReactiveX/RxJava.git,4,1000,4000,46,91,44,43,87,83,59,28,15,39,28,0,9,0,9,14935,0,0.0,1.0,11.0,effc6ab6ed1f638f71aea722e960b38762d9f945,58c9ed78947a72fd832d1243e0604e166df3e9f6,partial,
reactivex_rxjava,https://github.com/ReactiveX/RxJava.git,5,1000,5000,56,107,54,53,103,99,65,38,18,39,28,0,20,0,20,16520,0,0.0,1.0,10.8,764e417b0d2f9ed85e7a5398fe9a81a4b41f2a8c,58c9ed78947a72fd832d1243e0604e166df3e9f6,partial,
reactivex_rxjava,https://github.com/ReactiveX/RxJava.git,6,1000,6000,58,109,56,55,105,101,66,39,18,39,28,0,31,0,31,17310,0,0.0,1.0,9.3333,97fbcc7e31f74d5479acaad858684b68c09b38cd,58c9ed78947a72fd832d1243e0604e166df3e9f6,partial,
reactivex_rxjava,https://github.com/ReactiveX/RxJava.git,7,435,6435,61,113,59,58,109,105,69,40,19,39,28,0,39,0,39,17762,0,0.0,1.0,9.1686,697fd66aae9beed107e13f49a741455f1d9d8dd9,58c9ed78947a72fd832d1243e0604e166df3e9f6,completed,full_history_scanned
reactor_reactor_core,https://github.com/reactor/reactor-core.git,1,1000,1000,2,2,2,2,2,2,1,1,0,39,28,0,1,0,1,820,0,0.0,1.0,2.0,12770c7909aae6cd9f7dd9fbdb7cd42b3bae6471,3f12331ce7ac77db314f207d91363b946f96673e,partial,
reactor_reactor_core,https://github.com/reactor/reactor-core.git,2,1000,2000,9,13,9,9,13,13,10,3,4,39,28,0,2,0,2,2271,0,0.0,1.0,4.5,5f6faaefd1a79cf27321359ad376a307041fbac2,3f12331ce7ac77db314f207d91363b946f96673e,partial,
reactor_reactor_core,https://github.com/reactor/reactor-core.git,3,1000,3000,32,62,29,29,58,58,42,16,15,39,28,0,5,0,5,3735,0,0.0,1.0,9.6667,4d328afa16f10d9c12df0bac22963770909ffe66,3f12331ce7ac77db314f207d91363b946f96673e,partial,
reactor_reactor_core,https://github.com/reactor/reactor-core.git,4,1000,4000,79,258,76,74,254,252,210,44,39,41,30,0,20,1,19,8352,0,0.05,1.0,19.0,d843c8352fcfb5231b7d3903459cc2ca0d417a44,3f12331ce7ac77db314f207d91363b946f96673e,partial,
reactor_reactor_core,https://github.com/reactor/reactor-core.git,5,1000,5000,119,321,114,112,314,312,249,65,54,41,30,0,40,1,39,11620,0,0.025,1.0,22.8,b3e3712cb400694788410535dd91d539a7fe4ad2,3f12331ce7ac77db314f207d91363b946f96673e,partial,
reactor_reactor_core,https://github.com/reactor/reactor-core.git,6,291,5291,127,331,120,118,322,320,253,69,56,41,30,0,44,1,43,12738,0,0.0227,1.0,22.68,e3f6a76a8620c2af3307039d02af965ad31ba8e3,3f12331ce7ac77db314f207d91363b946f96673e,completed,full_history_scanned
micrometer_metrics_micrometer,https://github.com/micrometer-metrics/micrometer.git,1,1000,1000,4,4,4,4,4,4,3,1,0,41,30,0,2,0,2,207,0,0.0,1.0,4.0,2b18d54fe24b4ec684e700f1dce7b57a7240f735,24b886850814780f5f7bcdeb7d35cf25bc8ccd8a,partial,
micrometer_metrics_micrometer,https://github.com/micrometer-metrics/micrometer.git,2,1000,2000,7,7,6,6,6,6,4,2,0,41,30,0,2,0,2,715,0,0.0,1.0,3.0,0e6575627de15809ef9c02ad32ff207d75528ff8,24b886850814780f5f7bcdeb7d35cf25bc8ccd8a,partial,
micrometer_metrics_micrometer,https://github.com/micrometer-metrics/micrometer.git,3,1000,3000,7,7,6,6,6,6,4,2,0,41,30,0,2,0,2,1008,0,0.0,1.0,2.0,6675a12957407eeaf135d80d16294ea43b91d60f,24b886850814780f5f7bcdeb7d35cf25bc8ccd8a,partial,
micrometer_metrics_micrometer,https://github.com/micrometer-metrics/micrometer.git,3,1000,3000,7,7,6,6,6,6,4,2,0,41,30,0,2,0,2,1008,0,0.0,1.0,2.0,6675a12957407eeaf135d80d16294ea43b91d60f,24b886850814780f5f7bcdeb7d35cf25bc8ccd8a,stopped,low_yield
openfeign_feign,https://github.com/OpenFeign/feign.git,1,1000,1000,2,4,2,2,4,4,4,0,2,41,30,0,2,0,2,213,0,0.0,1.0,2.0,50bfa179df7d9230f8e499136588b0e47f70a49e,0a250fd90a37ec87085a4d59ecb94ceecd9c3d8a,partial,
openfeign_feign,https://github.com/OpenFeign/feign.git,2,1000,2000,8,11,8,8,11,11,7,4,3,41,30,0,6,0,6,869,0,0.0,1.0,4.0,6ee7815bd3c759a4fb8cefeeabcd11f3308402f5,0a250fd90a37ec87085a4d59ecb94ceecd9c3d8a,partial,
openfeign_feign,https://github.com/OpenFeign/feign.git,3,1000,3000,21,29,21,21,29,29,19,10,7,41,30,0,13,0,13,2066,0,0.0,1.0,7.0,d5a7bf0b21037b5fd09d23dd95abf2dc063e3924,0a250fd90a37ec87085a4d59ecb94ceecd9c3d8a,partial,
openfeign_feign,https://github.com/OpenFeign/feign.git,4,173,3173,26,36,26,26,36,36,19,17,9,41,30,0,13,0,13,2379,0,0.0,1.0,8.1941,556a3b330d426363374527f7a5bb783cff9f4c4b,0a250fd90a37ec87085a4d59ecb94ceecd9c3d8a,completed,full_history_scanned
fasterxml_jackson_core,https://github.com/FasterXML/jackson-core.git,1,1000,1000,5,8,4,4,7,7,7,0,1,41,30,0,4,0,4,243,0,0.0,1.0,4.0,7a2c6c3b96625be00c4940adb89fd4057e290f93,4ba686eb7f00ce7fc63fafae75953625b2c8b542,partial,
fasterxml_jackson_core,https://github.com/FasterXML/jackson-core.git,2,1000,2000,31,47,29,28,43,42,39,4,9,42,31,0,26,1,25,609,0,0.0385,1.0,14.5,4c1ecbd4ae1d5e7ff98c1822566a01ef83c0ff3b,4ba686eb7f00ce7fc63fafae75953625b2c8b542,partial,
fasterxml_jackson_core,https://github.com/FasterXML/jackson-core.git,3,1000,3000,42,181,37,35,162,155,147,15,13,48,32,0,44,1,43,1907,0,0.0227,1.0,12.3333,bbce6f9d763e5a80ed6ce9f4b5a9aca3b09dd589,4ba686eb7f00ce7fc63fafae75953625b2c8b542,partial,
fasterxml_jackson_core,https://github.com/FasterXML/jackson-core.git,4,1000,4000,59,201,42,40,167,160,151,16,13,48,32,0,80,6,74,2690,0,0.075,1.0,10.5,2da8d72e8969064e2bb90599e9f8bbd42beccb12,4ba686eb7f00ce7fc63fafae75953625b2c8b542,partial,
fasterxml_jackson_core,https://github.com/FasterXML/jackson-core.git,5,1000,5000,65,209,47,45,174,167,157,17,14,48,32,0,99,6,93,3371,0,0.0606,1.0,9.4,5303198c1217acee612fd655ac52847f3482dbe4,4ba686eb7f00ce7fc63fafae75953625b2c8b542,partial,
fasterxml_jackson_core,https://github.com/FasterXML/jackson-core.git,6,204,5204,74,228,55,53,189,182,169,20,16,48,32,0,107,6,101,3623,0,0.0561,1.0,10.5688,e0f0754dae9c76af0c2b060bddf373d5cc0b5102,4ba686eb7f00ce7fc63fafae75953625b2c8b542,completed,full_history_scanned
fasterxml_jackson_annotations,https://github.com/FasterXML/jackson-annotations.git,1,1000,1000,6,9,2,2,2,2,2,0,0,48,32,0,6,0,6,170,0,0.0,1.0,2.0,8b42a2f3dd9d27957a7f6c83057a5ac0f793b047,942a38687e9fd89a5f250093822ae92a77d373cf,partial,
fasterxml_jackson_annotations,https://github.com/FasterXML/jackson-annotations.git,2,73,1073,8,11,4,4,4,4,2,2,0,48,32,0,7,0,7,254,0,0.0,1.0,3.7279,312665802450e00f92c36232823b021e1ce32153,942a38687e9fd89a5f250093822ae92a77d373cf,completed,full_history_scanned
fasterxml_jackson_modules_java8,https://github.com/FasterXML/jackson-modules-java8.git,1,903,903,2,2,1,1,1,1,1,0,0,48,32,0,12,0,12,319,0,0.0,1.0,1.1074,d0c36cdeb2e1cbd9af933fd370cc37cd7131a706,bd086c0aae6cfe3357868af6a469ce539a12ea2d,completed,full_history_scanned
fasterxml_jackson_dataformats_text,https://github.com/FasterXML/jackson-dataformats-text.git,1,1000,1000,5,5,2,2,2,2,2,0,0,48,32,0,9,0,9,191,0,0.0,1.0,2.0,7ad0e2cbb3860ddafee8d46e35d02b5bdad79785,e0dfefbacda866219c0fdd485f967c2072956a50,partial,
fasterxml_jackson_dataformats_text,https://github.com/FasterXML/jackson-dataformats-text.git,2,1000,2000,7,9,3,3,5,5,5,0,1,48,32,0,22,0,22,717,0,0.0,1.0,1.5,cea7ead4ac5d9d7e4d84abb103058d1f705d2dba,e0dfefbacda866219c0fdd485f967c2072956a50,partial,
fasterxml_jackson_dataformats_text,https://github.com/FasterXML/jackson-dataformats-text.git,3,116,2116,7,9,3,3,5,5,5,0,1,48,32,0,25,0,25,805,0,0.0,1.0,1.4178,1fdf9866b80537a392e560b8fefe5644d833af2a,e0dfefbacda866219c0fdd485f967c2072956a50,completed,full_history_scanned
grpc_grpc_java,https://github.com/grpc/grpc-java.git,1,1000,1000,22,23,21,21,22,22,9,13,1,48,32,0,4,0,4,1255,0,0.0,1.0,21.0,3202370684ec74a8e986a116b3e1476ff0a3fedc,c7a946bfb5f810c3d29dde83318c8de646bb1515,partial,
grpc_grpc_java,https://github.com/grpc/grpc-java.git,2,1000,2000,37,38,35,35,36,36,14,22,1,48,32,0,11,0,11,2185,0,0.0,1.0,17.5,d44de5069df2ef485f19895707868754474f2745,c7a946bfb5f810c3d29dde83318c8de646bb1515,partial,
grpc_grpc_java,https://github.com/grpc/grpc-java.git,3,1000,3000,56,63,53,53,59,59,27,32,6,48,32,0,24,0,24,3462,0,0.0,1.0,17.6667,03db20cded04dfbf6927dd4b22a9b9a97cc0c25d,c7a946bfb5f810c3d29dde83318c8de646bb1515,partial,
grpc_grpc_java,https://github.com/grpc/grpc-java.git,4,1000,4000,83,102,80,80,97,97,52,45,16,48,32,0,40,0,40,4715,0,0.0,1.0,20.0,4631c0c7e865f65ab7ba6f24a4ea33f3697f5f89,c7a946bfb5f810c3d29dde83318c8de646bb1515,partial,
grpc_grpc_java,https://github.com/grpc/grpc-java.git,5,1000,5000,99,124,96,96,119,119,64,55,21,48,32,0,46,0,46,6304,0,0.0,1.0,19.2,8d6ff4c9b4c2fe42bcb71ae694fbe697511a2a6a,c7a946bfb5f810c3d29dde83318c8de646bb1515,partial,
grpc_grpc_java,https://github.com/grpc/grpc-java.git,6,1000,6000,134,171,131,131,166,166,94,72,29,48,32,0,63,0,63,7827,0,0.0,1.0,21.8333,7fc986e6d0e4b5ec6b05ce4e50fa151799114d14,c7a946bfb5f810c3d29dde83318c8de646bb1515,partial,
grpc_grpc_java,https://github.com/grpc/grpc-java.git,7,1000,7000,167,214,164,164,209,209,120,89,35,48,32,0,68,0,68,9359,0,0.0,1.0,23.4286,4332c2f56e4f35b2914250e1b6685778d9b02a83,c7a946bfb5f810c3d29dde83318c8de646bb1515,partial,
grpc_grpc_java,https://github.com/grpc/grpc-java.git,8,157,7157,178,227,175,175,222,222,131,91,37,48,32,0,70,0,70,10015,0,0.0,1.0,24.4516,de5413f6c262174bcccf64481cc00c38abbcc772,c7a946bfb5f810c3d29dde83318c8de646bb1515,completed,full_history_scanned
tng_archunit,https://github.com/TNG/ArchUnit.git,1,1000,1000,2,2,2,2,2,2,0,2,0,48,32,0,0,0,0,759,0,1.0,1.0,2.0,faeab994b6180fbcfde315870a68447b177cd1db,7bb8965a38ff2647233c3b4b5b5722fcb5f3711c,partial,
tng_archunit,https://github.com/TNG/ArchUnit.git,2,1000,2000,6,6,6,6,6,6,0,6,0,48,32,0,0,0,0,2392,0,1.0,1.0,3.0,ed29efa7534c9c6e39ecfffdae06be0f61f08ee0,7bb8965a38ff2647233c3b4b5b5722fcb5f3711c,partial,
tng_archunit,https://github.com/TNG/ArchUnit.git,3,630,2630,15,16,15,14,16,15,4,12,1,49,33,0,2,0,2,4050,0,0.0,1.0,5.7034,b2d77e90c5296e3286bc6706ded33df76a367072,7bb8965a38ff2647233c3b4b5b5722fcb5f3711c,completed,full_history_scanned
netty_netty,https://github.com/netty/netty.git,1,1000,1000,9,29,8,8,28,28,26,2,5,49,33,0,5,0,5,470,0,0.0,1.0,8.0,f520eaf111e9119e0b43de4264e24dedb8c061b4,ec4efdbbeebf024b64e0fb782184989835c9ab92,partial,
netty_netty,https://github.com/netty/netty.git,2,1000,2000,19,71,18,18,69,69,60,9,8,49,33,0,9,0,9,1185,0,0.0,1.0,9.0,6140db5dcf0ce775d4fcd18e63b3d9040070ff60,ec4efdbbeebf024b64e0fb782184989835c9ab92,partial,
netty_netty,https://github.com/netty/netty.git,3,1000,3000,20,72,19,19,70,70,61,9,8,49,33,0,12,0,12,1444,0,0.0,1.0,6.3333,9bda69359901ed2f527d3b80c55d7485e35f684f,ec4efdbbeebf024b64e0fb782184989835c9ab92,partial,
netty_netty,https://github.com/netty/netty.git,4,1000,4000,24,78,23,23,75,75,63,12,9,49,33,0,14,0,14,1699,0,0.0,1.0,5.75,d988b227b7714952ab608297d6c047aa39ffc499,ec4efdbbeebf024b64e0fb782184989835c9ab92,partial,
netty_netty,https://github.com/netty/netty.git,5,1000,5000,34,91,31,31,86,86,71,15,10,49,33,0,22,0,22,3315,0,0.0,1.0,6.2,dfe657e2d4807f144846273eee451cef4ac36b3a,ec4efdbbeebf024b64e0fb782184989835c9ab92,partial,
netty_netty,https://github.com/netty/netty.git,6,1000,6000,48,113,44,44,105,105,83,22,14,49,33,0,27,0,27,4016,0,0.0,1.0,7.3333,3b5dd4e9dc0b6e350d27a2628b3f37b2483fe4a9,ec4efdbbeebf024b64e0fb782184989835c9ab92,partial,
netty_netty,https://github.com/netty/netty.git,7,1000,7000,79,166,75,75,157,157,118,39,24,49,33,0,34,1,33,5428,0,0.0294,1.0,10.7143,105df33d8d66701652ecc2159e7c8f01ad5d6a08,ec4efdbbeebf024b64e0fb782184989835c9ab92,partial,
netty_netty,https://github.com/netty/netty.git,8,1000,8000,109,239,104,104,227,227,173,54,39,49,33,0,42,2,40,6907,0,0.0476,1.0,13.0,9ff234abedb92596b3c0c2f8c3a969cb533f7cc3,ec4efdbbeebf024b64e0fb782184989835c9ab92,partial,
netty_netty,https://github.com/netty/netty.git,9,1000,9000,128,304,123,123,292,292,225,67,50,49,33,0,54,5,49,8223,0,0.0926,1.0,13.6667,9ca20b73d3ee9e1aa1c83336854bb5ac6aca5f99,ec4efdbbeebf024b64e0fb782184989835c9ab92,partial,
netty_netty,https://github.com/netty/netty.git,10,1000,10000,150,347,145,145,331,331,246,85,58,49,33,0,57,5,52,10204,0,0.0877,1.0,14.5,51daf2a6a2575a4114a3f4bd926f708a853e3d9d,ec4efdbbeebf024b64e0fb782184989835c9ab92,partial,
netty_netty,https://github.com/netty/netty.git,11,1000,11000,161,369,156,156,353,353,252,101,62,49,33,0,78,7,71,12507,0,0.0897,1.0,14.1818,ccd5f7ff8c8cc7df86d88931fae23f0bd4839796,ec4efdbbeebf024b64e0fb782184989835c9ab92,partial,
netty_netty,https://github.com/netty/netty.git,12,1000,12000,178,387,173,172,370,369,256,114,62,50,34,0,88,7,81,15891,0,0.0795,1.0,14.4167,6766513157ed267ba262fbe09968320b756e8b2b,ec4efdbbeebf024b64e0fb782184989835c9ab92,partial,
netty_netty,https://github.com/netty/netty.git,13,1000,13000,178,387,173,172,370,369,256,114,62,50,34,0,123,7,116,15891,0,0.0569,1.0,13.3077,1826b88622e71dc89b5a92e3928f3a9a16a7f145,ec4efdbbeebf024b64e0fb782184989835c9ab92,partial,
netty_netty,https://github.com/netty/netty.git,14,1000,14000,178,387,173,172,370,369,256,114,62,50,34,0,126,7,119,15891,0,0.0556,1.0,12.3571,20718a2b6407adaec6ff87365426e19fa6147731,ec4efdbbeebf024b64e0fb782184989835c9ab92,partial,
netty_netty,https://github.com/netty/netty.git,15,253,14253,178,387,173,172,370,369,256,114,62,50,34,0,132,7,125,15891,0,0.053,1.0,12.1378,aef2ab453a8b11984c4fe64ba27612a1308ee490,ec4efdbbeebf024b64e0fb782184989835c9ab92,completed,full_history_scanned
junit_team_junit_framework,https://github.com/junit-team/junit-framework.git,6,1000,4690,38,51,37,2,50,3,19,31,7,63,43,0,10,0,10,3475,0,0.0,1.0,7.8891,2a32acb156bf7c9f382ba86720cc482e2429c1a1,3bf7fd47707865c3fb50a560adfd71f5038b4c52,partial,
junit_team_junit_framework,https://github.com/junit-team/junit-framework.git,6,1000,4690,38,51,37,2,50,3,19,31,7,63,43,0,10,0,10,3475,0,0.0,1.0,7.8891,2a32acb156bf7c9f382ba86720cc482e2429c1a1,3bf7fd47707865c3fb50a560adfd71f5038b4c52,stopped,low_yield
micrometer_metrics_micrometer,https://github.com/micrometer-metrics/micrometer.git,4,1000,4000,8,10,7,7,9,9,7,2,1,63,43,0,2,0,2,1367,0,0.0,1.0,1.75,058a7024606331266fd8c5d043f7cd889c8e7d24,24b886850814780f5f7bcdeb7d35cf25bc8ccd8a,partial,
micrometer_metrics_micrometer,https://github.com/micrometer-metrics/micrometer.git,4,1000,4000,8,10,7,7,9,9,7,2,1,63,43,0,2,0,2,1367,0,0.0,1.0,1.75,058a7024606331266fd8c5d043f7cd889c8e7d24,24b886850814780f5f7bcdeb7d35cf25bc8ccd8a,stopped,low_yield
eclipse_collections_eclipse_collections,https://github.com/eclipse-collections/eclipse-collections.git,1,1000,1000,0,0,0,0,0,0,0,0,0,63,43,0,2,0,2,645,0,0.0,1.0,0.0,0991ed52890f37531b51282b12e05d3bd0a3cddd,fb6f355831038b53148a6b1d04bb7be1d8aa273b,partial,
eclipse_collections_eclipse_collections,https://github.com/eclipse-collections/eclipse-collections.git,2,1000,2000,2,2,2,2,2,2,0,2,0,63,43,0,4,0,4,2497,0,0.0,1.0,1.0,7aa57ab0cb7490ede85a4ea2d52647ddc0b32e8d,fb6f355831038b53148a6b1d04bb7be1d8aa273b,partial,
eclipse_collections_eclipse_collections,https://github.com/eclipse-collections/eclipse-collections.git,3,706,2706,5,8,4,4,7,7,2,5,2,63,43,0,7,0,7,5214,0,0.0,1.0,1.4782,9db8880dd82475be446fbfa7f53f12f7f2e237e1,fb6f355831038b53148a6b1d04bb7be1d8aa273b,completed,full_history_scanned
mapstruct_mapstruct,https://github.com/mapstruct/mapstruct.git,1,1000,1000,9,9,9,9,9,9,6,3,0,63,43,0,18,0,18,2462,0,0.0,1.0,9.0,e8c84289457990ad8febd144d2efc3eb1af0168c,9376d42561c503ceab5a18a14ca317a32f46d733,partial,
junit_team_junit_framework,https://github.com/junit-team/junit-framework.git,7,1000,5690,50,68,49,2,67,3,30,37,8,80,55,0,10,0,10,3979,0,0.0,1.0,8.6116,71b23d1e26d949b90dc8c0deaa251ff1ff16262e,3bf7fd47707865c3fb50a560adfd71f5038b4c52,partial,
junit_team_junit_framework,https://github.com/junit-team/junit-framework.git,7,1000,5690,50,68,49,2,67,3,30,37,8,80,55,0,10,0,10,3979,0,0.0,1.0,8.6116,71b23d1e26d949b90dc8c0deaa251ff1ff16262e,3bf7fd47707865c3fb50a560adfd71f5038b4c52,stopped,low_yield
micrometer_metrics_micrometer,https://github.com/micrometer-metrics/micrometer.git,5,1000,5000,13,16,12,12,15,15,10,5,2,80,55,0,5,0,5,4796,0,0.0,1.0,2.4,a253bb245a30973f83f97cebcc60f25d58500fb8,24b886850814780f5f7bcdeb7d35cf25bc8ccd8a,partial,
micrometer_metrics_micrometer,https://github.com/micrometer-metrics/micrometer.git,5,1000,5000,13,16,12,12,15,15,10,5,2,80,55,0,5,0,5,4796,0,0.0,1.0,2.4,a253bb245a30973f83f97cebcc60f25d58500fb8,24b886850814780f5f7bcdeb7d35cf25bc8ccd8a,stopped,low_yield
spring_projects_spring_framework,https://github.com/spring-projects/spring-framework.git,1,1000,1000,23,50,23,23,50,50,19,31,11,80,55,0,3,0,3,803,0,0.0,1.0,23.0,b29f4ed37edf0da0f41dc19c4ac56ba0d445fca6,9c64be98e4d2cb9a0ee75f27055a1c3a1dd22fdf,partial,
spring_projects_spring_framework,https://github.com/spring-projects/spring-framework.git,2,1000,2000,53,129,52,52,128,128,31,97,27,80,55,0,5,0,5,1755,0,0.0,1.0,26.0,511739e3de44e7f5268b345a9d311a815c1181a6,9c64be98e4d2cb9a0ee75f27055a1c3a1dd22fdf,partial,
spring_projects_spring_framework,https://github.com/spring-projects/spring-framework.git,3,1000,3000,65,177,64,64,174,174,39,135,30,80,55,0,12,0,12,2703,0,0.0,1.0,21.3333,84992536c5dcc007d2bda4f345b04f56a845a1b9,9c64be98e4d2cb9a0ee75f27055a1c3a1dd22fdf,partial,
spring_projects_spring_framework,https://github.com/spring-projects/spring-framework.git,4,1000,4000,88,216,87,87,213,213,53,160,38,80,55,0,20,0,20,6688,0,0.0,1.0,21.75,4d87c77649da8b1ebfaf9760da73b5037c7e2b55,9c64be98e4d2cb9a0ee75f27055a1c3a1dd22fdf,partial,
spring_projects_spring_framework,https://github.com/spring-projects/spring-framework.git,5,1000,5000,112,263,110,110,258,258,82,176,46,80,55,0,23,0,23,7870,0,0.0,1.0,22.0,f2605fd9e5e23895ae2dba61c72a1ffd406370e5,9c64be98e4d2cb9a0ee75f27055a1c3a1dd22fdf,partial,
spring_projects_spring_framework,https://github.com/spring-projects/spring-framework.git,6,1000,6000,138,312,136,136,307,307,103,204,53,80,55,0,24,0,24,8952,0,0.0,1.0,22.6667,db535863dd990466f208bafa5e138aca2cdd90ec,9c64be98e4d2cb9a0ee75f27055a1c3a1dd22fdf,partial,
spring_projects_spring_framework,https://github.com/spring-projects/spring-framework.git,7,1000,7000,154,332,152,152,327,327,112,215,57,80,55,0,26,0,26,9712,0,0.0,1.0,21.7143,4cf5c7796d0b96d74f7fc3279358e229eb98244f,9c64be98e4d2cb9a0ee75f27055a1c3a1dd22fdf,partial,
spring_projects_spring_framework,https://github.com/spring-projects/spring-framework.git,8,1000,8000,188,407,185,185,400,400,161,239,70,80,55,0,28,0,28,10768,0,0.0,1.0,23.125,464b676ec5924a5610338d3df7b5b9adb4c259c3,9c64be98e4d2cb9a0ee75f27055a1c3a1dd22fdf,partial,
spring_projects_spring_framework,https://github.com/spring-projects/spring-framework.git,9,1000,9000,212,439,209,209,432,432,174,258,75,80,55,0,36,0,36,11941,0,0.0,1.0,23.2222,a7ec6b4a2a392d95782a5483d7ee32e2b7e07ab7,9c64be98e4d2cb9a0ee75f27055a1c3a1dd22fdf,partial,
spring_projects_spring_framework,https://github.com/spring-projects/spring-framework.git,10,1000,10000,235,471,232,232,464,464,187,277,82,80,55,0,44,0,44,13426,0,0.0,1.0,23.2,50dff77d0156d502641f45181812171929b84ce6,9c64be98e4d2cb9a0ee75f27055a1c3a1dd22fdf,partial,
spring_projects_spring_framework,https://github.com/spring-projects/spring-framework.git,11,1000,11000,263,548,260,260,539,539,247,292,91,80,55,0,52,0,52,14707,0,0.0,1.0,23.6364,1d825440c328ef90b940ba6be8483aec184daeb4,9c64be98e4d2cb9a0ee75f27055a1c3a1dd22fdf,partial,
spring_projects_spring_framework,https://github.com/spring-projects/spring-framework.git,12,1000,12000,281,589,277,277,578,578,278,300,96,80,55,0,59,0,59,15947,0,0.0,1.0,23.0833,b5743966d6d926ed9b146ca4c34713b406628038,9c64be98e4d2cb9a0ee75f27055a1c3a1dd22fdf,partial,
spring_projects_spring_framework,https://github.com/spring-projects/spring-framework.git,13,1000,13000,298,611,294,294,599,599,287,312,97,80,55,0,61,0,61,18047,0,0.0,1.0,22.6154,0d16c9100afc492a6f2258dfc2dfc9c9515438c2,9c64be98e4d2cb9a0ee75f27055a1c3a1dd22fdf,partial,
spring_projects_spring_framework,https://github.com/spring-projects/spring-framework.git,14,1000,14000,328,646,324,324,633,633,308,325,101,80,55,0,68,0,68,19220,0,0.0,1.0,23.1429,4d7418841cb593661cb30e4c4a969b14d4d33628,9c64be98e4d2cb9a0ee75f27055a1c3a1dd22fdf,partial,
spring_projects_spring_framework,https://github.com/spring-projects/spring-framework.git,15,1000,15000,359,717,355,354,704,703,356,348,111,81,56,0,81,0,81,20437,0,0.0,1.0,23.6667,7cd4ddf5fcaeee4e288f57801eb0713a652eb979,9c64be98e4d2cb9a0ee75f27055a1c3a1dd22fdf,partial,
spring_projects_spring_framework,https://github.com/spring-projects/spring-framework.git,16,1000,16000,384,751,378,377,732,731,378,354,114,81,56,0,89,0,89,21128,0,0.0,1.0,23.625,0f773515e4394bb090be51cad010f17842ade690,9c64be98e4d2cb9a0ee75f27055a1c3a1dd22fdf,partial,
spring_projects_spring_framework,https://github.com/spring-projects/spring-framework.git,17,1000,17000,409,791,402,401,771,770,405,366,118,81,56,0,97,0,97,22299,0,0.0,1.0,23.6471,860ec44c5096d16bedeef45a4e29b1156f44b4b9,9c64be98e4d2cb9a0ee75f27055a1c3a1dd22fdf,partial,
junit_team_junit_framework,https://github.com/junit-team/junit-framework.git,9,1000,6693,77,104,76,2,102,3,48,54,14,116,83,0,14,0,14,4646,0,0.0,1.0,11.3551,65c8640e052ca9d8236d739fc405f8dc3d6f73cf,3bf7fd47707865c3fb50a560adfd71f5038b4c52,partial,
junit_team_junit_framework,https://github.com/junit-team/junit-framework.git,9,1000,6693,77,104,76,2,102,3,48,54,14,116,83,0,14,0,14,4646,0,0.0,1.0,11.3551,65c8640e052ca9d8236d739fc405f8dc3d6f73cf,3bf7fd47707865c3fb50a560adfd71f5038b4c52,stopped,low_yield
spring_projects_spring_framework,https://github.com/spring-projects/spring-framework.git,19,1000,18054,436,824,429,428,804,803,427,377,124,122,89,3,112,0,112,27143,0,0.0,1.0,23.762,430065c31d2c8f6cd332f87bb045e124390fc3aa,9c64be98e4d2cb9a0ee75f27055a1c3a1dd22fdf,partial,
spring_projects_spring_framework,https://github.com/spring-projects/spring-framework.git,20,1000,19054,498,927,491,490,899,898,487,412,142,122,89,4,135,0,135,31049,0,0.0,1.0,25.7689,2b4250ec4427933b00286ebf8e0dbf4af7ca4747,9c64be98e4d2cb9a0ee75f27055a1c3a1dd22fdf,partial,
spring_projects_spring_framework,https://github.com/spring-projects/spring-framework.git,21,1000,20054,538,990,529,528,960,959,532,428,152,122,89,5,156,0,156,33194,0,0.0,1.0,26.3788,d8a80fc0db7945149d49e75f9f2143b450bb141d,9c64be98e4d2cb9a0ee75f27055a1c3a1dd22fdf,partial,
spring_projects_spring_framework,https://github.com/spring-projects/spring-framework.git,22,1000,21054,601,1102,589,588,1068,1067,595,473,174,122,89,9,201,0,201,39294,0,0.0,1.0,27.9757,2a512d7b9fa89467ead6968c9d34ca07d700e4d9,9c64be98e4d2cb9a0ee75f27055a1c3a1dd22fdf,partial,
spring_projects_spring_framework,https://github.com/spring-projects/spring-framework.git,23,1000,22054,654,1177,641,640,1140,1139,630,510,187,122,89,11,226,0,226,41992,0,0.0,1.0,29.065,bbd5993945f91fdfcaecf86fc43e22e073753a36,9c64be98e4d2cb9a0ee75f27055a1c3a1dd22fdf,partial,
spring_projects_spring_framework,https://github.com/spring-projects/spring-framework.git,24,1000,23054,697,1238,684,683,1201,1200,661,540,192,122,89,12,251,0,251,45472,0,0.0,1.0,29.6695,7e4563a825771f24a8f99e17d7d2133b69e489f4,9c64be98e4d2cb9a0ee75f27055a1c3a1dd22fdf,partial,
spring_projects_spring_framework,https://github.com/spring-projects/spring-framework.git,25,1000,24054,745,1331,732,731,1294,1293,705,589,210,122,89,14,262,0,262,47472,0,0.0,1.0,30.4315,71dcd28c7734e0a4a04745661c3205d28a033692,9c64be98e4d2cb9a0ee75f27055a1c3a1dd22fdf,partial,
spring_projects_spring_framework,https://github.com/spring-projects/spring-framework.git,26,1000,25054,786,1398,771,770,1354,1353,742,612,223,122,89,14,283,0,283,48888,0,0.0,1.0,30.7735,050e581c103d61fe8cefb038748d83f2a9f09749,9c64be98e4d2cb9a0ee75f27055a1c3a1dd22fdf,partial,
spring_projects_spring_framework,https://github.com/spring-projects/spring-framework.git,27,1000,26054,833,1472,818,817,1427,1426,789,638,236,122,89,16,293,0,293,50428,0,0.0,1.0,31.3963,11805b6a5d9e2ae959e544c0a2daa87e127ebbc9,9c64be98e4d2cb9a0ee75f27055a1c3a1dd22fdf,partial,
spring_projects_spring_framework,https://github.com/spring-projects/spring-framework.git,28,1000,27054,905,1584,890,889,1538,1537,847,691,257,122,89,16,306,0,306,52675,0,0.0,1.0,32.8972,7972b31118231f2121625b014ba0abf9b3f4c91a,9c64be98e4d2cb9a0ee75f27055a1c3a1dd22fdf,partial,
spring_projects_spring_framework,https://github.com/spring-projects/spring-framework.git,29,1000,28054,963,1674,945,944,1622,1621,886,736,272,122,89,16,318,0,318,55505,0,0.0,1.0,33.685,402a3b8473c976a07e40d2cf8a663267ca7e2dec,9c64be98e4d2cb9a0ee75f27055a1c3a1dd22fdf,partial,
spring_projects_spring_framework,https://github.com/spring-projects/spring-framework.git,30,1000,29054,1011,1754,992,991,1700,1699,935,765,283,122,89,19,339,0,339,58340,0,0.0,1.0,34.1433,d5c6d797e565fe89afa0d829dd570cc079428c31,9c64be98e4d2cb9a0ee75f27055a1c3a1dd22fdf,partial,
spring_projects_spring_framework,https://github.com/spring-projects/spring-framework.git,31,1000,30054,1052,1810,1033,1032,1754,1753,965,789,291,122,89,22,368,0,368,61156,0,0.0,1.0,34.3715,4aa8b96687add68542acab8a2b5af63fe4691576,9c64be98e4d2cb9a0ee75f27055a1c3a1dd22fdf,partial,
spring_projects_spring_framework,https://github.com/spring-projects/spring-framework.git,32,1000,31054,1132,1949,1112,1110,1886,1884,1039,847,322,123,90,23,387,0,387,63210,0,0.0,1.0,35.8086,e5702cd3de6c87dea78477486f04528260e2c6ad,9c64be98e4d2cb9a0ee75f27055a1c3a1dd22fdf,partial,
spring_projects_spring_framework,https://github.com/spring-projects/spring-framework.git,33,1000,32054,1183,2052,1161,1159,1985,1983,1083,902,337,123,90,25,397,0,397,65298,0,0.0,1.0,36.2201,8a1a23af8361b986832be9b4befefe353afcd333,9c64be98e4d2cb9a0ee75f27055a1c3a1dd22fdf,partial,
spring_projects_spring_framework,https://github.com/spring-projects/spring-framework.git,34,1000,33054,1224,2113,1202,1200,2045,2043,1118,927,343,123,90,25,414,0,414,66735,0,0.0,1.0,36.3647,17d5b31af3d81d664d556ba90c1d1753d5821b10,9c64be98e4d2cb9a0ee75f27055a1c3a1dd22fdf,partial,
spring_projects_spring_framework,https://github.com/spring-projects/spring-framework.git,35,1000,34054,1267,2167,1242,1240,2096,2094,1136,960,349,123,90,26,443,0,443,69466,0,0.0,1.0,36.4715,cef7a2b965f507b9b96384206c94bef1fd628706,9c64be98e4d2cb9a0ee75f27055a1c3a1dd22fdf,partial,
spring_projects_spring_framework,https://github.com/spring-projects/spring-framework.git,36,1000,35054,1299,2226,1274,1272,2155,2153,1161,994,357,123,90,26,464,0,464,74499,0,0.0,1.0,36.3439,2f05d70067aff11c590fa725a1c4b4b3e803b243,9c64be98e4d2cb9a0ee75f27055a1c3a1dd22fdf,partial,
spring_projects_spring_framework,https://github.com/spring-projects/spring-framework.git,37,92,35146,1300,2227,1275,1273,2156,2154,1161,995,357,123,90,26,467,0,467,74650,0,0.0,1.0,36.2772,8119659fb1e4ae6fabe8897c42ba7629fda07b21,9c64be98e4d2cb9a0ee75f27055a1c3a1dd22fdf,completed,full_history_scanned
mapstruct_mapstruct,https://github.com/mapstruct/mapstruct.git,3,787,1870,24,25,24,24,25,25,10,15,1,123,90,4,38,0,38,4927,0,0.0,1.0,12.8342,61f181a589564131b1a540e5322ec63d56604870,9376d42561c503ceab5a18a14ca317a32f46d733,completed,full_history_scanned
raphw_byte_buddy,https://github.com/raphw/byte-buddy.git,1,1000,1000,34,74,32,32,70,60,28,42,11,133,90,1,17,0,17,439,0,0.0,1.0,32.0,05fa857610651301fde351df34ea1f74785190b8,dd4f81e5e2be3d2741af2f404f12928502d8eb85,partial,
raphw_byte_buddy,https://github.com/raphw/byte-buddy.git,2,1000,2000,63,181,58,58,172,154,61,111,29,141,90,1,40,0,40,1763,0,0.0,1.0,29.0,0fc553d00b6df30234b8bbd2b63864e5309ab2e5,dd4f81e5e2be3d2741af2f404f12928502d8eb85,partial,
raphw_byte_buddy,https://github.com/raphw/byte-buddy.git,3,1000,3000,91,231,84,84,219,200,89,130,38,142,90,3,65,0,65,2428,0,0.0,1.0,28.0,1fab7ad1d870457a241915a295200fdd73a682d8,dd4f81e5e2be3d2741af2f404f12928502d8eb85,partial,
raphw_byte_buddy,https://github.com/raphw/byte-buddy.git,4,1000,4000,119,325,110,110,267,248,102,165,51,142,90,4,83,0,83,3773,0,0.0,1.0,27.5,c2438f69b1c0000bbbe4f65de6d6c0e201c03046,dd4f81e5e2be3d2741af2f404f12928502d8eb85,partial,
raphw_byte_buddy,https://github.com/raphw/byte-buddy.git,5,1000,5000,153,390,142,142,327,307,123,204,62,143,90,4,89,0,89,4620,0,0.0,1.0,28.4,8c4f75908648f159e9859614a8c7eb93e2028579,dd4f81e5e2be3d2741af2f404f12928502d8eb85,partial,
raphw_byte_buddy,https://github.com/raphw/byte-buddy.git,6,1000,6000,192,456,178,178,387,367,138,249,78,143,90,4,95,0,95,5422,0,0.0,1.0,29.6667,8344267ac2b547da60c690c10334178ce8f93e40,dd4f81e5e2be3d2741af2f404f12928502d8eb85,partial,
raphw_byte_buddy,https://github.com/raphw/byte-buddy.git,7,1000,7000,227,512,209,209,431,411,156,275,83,143,90,4,112,0,112,7348,0,0.0,1.0,29.8571,e97770a693c01471926c503b7c8e81f006a2b77d,dd4f81e5e2be3d2741af2f404f12928502d8eb85,partial,
undertow_io_undertow,https://github.com/undertow-io/undertow.git,1,1000,1000,11,16,10,10,15,15,12,3,1,143,90,2,4,0,4,646,0,0.0,1.0,10.0,62b87828dc455e9cf718f8fef361f29764ae1d2e,2f83720e9f8f8686c26aac0910bdbed74e54f1a2,partial,
undertow_io_undertow,https://github.com/undertow-io/undertow.git,2,1000,2000,14,20,13,13,19,19,16,3,2,143,90,3,11,0,11,1091,0,0.0,1.0,6.5,159b3c2f602c006dfcf9bbe1a28254470af39338,2f83720e9f8f8686c26aac0910bdbed74e54f1a2,partial,
undertow_io_undertow,https://github.com/undertow-io/undertow.git,3,1000,3000,19,27,18,18,26,26,20,6,4,143,90,3,15,0,15,1788,0,0.0,1.0,6.0,c4ad58c86b705139d4c0871644c37e54f164ac60,2f83720e9f8f8686c26aac0910bdbed74e54f1a2,partial,
apache_avro,https://github.com/apache/avro.git,1,1000,1000,3,4,3,3,4,4,2,2,1,143,90,1,0,0,0,177,0,1.0,1.0,3.0,4739bf20ed076dce371746ddee4af8e01e2bcab4,840dc8139f4b3d1bfa8e8c8f1ac3be949b440634,partial,
apache_avro,https://github.com/apache/avro.git,2,1000,2000,6,7,6,6,7,7,4,3,1,143,90,1,1,0,1,318,0,0.0,1.0,3.0,c88481400a70546e7c261ca939709a551c8b1d40,840dc8139f4b3d1bfa8e8c8f1ac3be949b440634,partial,
apache_avro,https://github.com/apache/avro.git,3,1000,3000,15,23,15,15,23,23,18,5,3,143,90,1,7,0,7,896,0,0.0,1.0,5.0,f7f1a5ec111a781201c5b720e058342b4ed69613,840dc8139f4b3d1bfa8e8c8f1ac3be949b440634,partial,
